Sample,Pop,rs10497191,rs1079597,rs11652805,rs1229984,rs12439433,rs12498138,rs12913832,rs1426654,rs1462906,rs1572018,rs16891982,rs174570,rs17642714,rs1800414,rs1834619,rs1871534,rs1876482,rs1919550,rs192655,rs200354,rs2024566,rs2042762,rs2166624,rs2196051,rs2238151,rs2593595,rs260690,rs2814778,rs310644,rs3737576,rs3811801,rs3814134,rs3823159,rs3827760,rs3916235,rs4411548,rs4471745,rs459920,rs4833103,rs4891825,rs4918664,rs671,rs6754311,rs6990312,rs7226659,rs7251928,rs7326934,rs735480,rs7554936,rs7657799
HGDP01385,Southwest Asia,C/C,C/T,T/T,C/C,A/A,G/G,A/A,A/A,C/C,C/C,G/C,C/C,A/T,T/T,G/G,G/G,G/G,A/A,A/A,G/T,A/A,T/T,A/G,A/G,C/C,A/G,A/A,T/T,T/T,C/T,G/G,A/A,A/A,A/A,C/T,T/T,G/G,C/T,C/C,A/G,A/A,G/G,C/T,T/T,G/G,A/A,G/G,C/T,C/C,T/T
HGDP01396,Southwest Asia,C/T,C/C,T/T,C/C,A/A,G/G,A/G,A/A,C/C,C/C,G/C,C/C,A/A,T/T,A/G,G/G,G/G,A/A,A/A,G/T,A/G,T/T,A/G,A/G,C/T,A/A,A/A,T/T,T/T,T/T,G/G,A/A,A/A,A/A,C/C,C/C,G/G,T/T,C/C,A/A,A/A,G/G,C/C,G/G,G/G,A/A,G/G,T/T,C/T,T/T
HGDP01383,Southwest Asia,C/T,C/C,T/T,C/C,A/A,G/G,A/G,A/A,C/C,C/C,G/C,C/C,A/A,T/T,G/G,G/G,G/G,A/A,A/A,G/G,A/A,T/T,A/G,G/G,C/T,A/G,A/A,T/T,T/T,T/T,G/G,A/A,A/A,A/A,C/C,C/T,G/G,C/T,A/A,A/A,A/A,G/G,C/C,N,G/T,A/C,G/G,T/T,T/T,T/T
HGDP01404,Southwest Asia,C/C,C/C,T/T,C/C,A/A,G/G,A/G,A/A,C/C,C/T,G/G,C/C,A/A,T/T,G/G,G/G,G/G,A/A,A/A,G/G,A/A,T/T,G/G,G/G,T/T,A/G,A/A,T/T,T/T,T/T,G/G,A/G,A/A,A/A,C/C,C/T,G/G,C/T,A/C,A/A,N,G/G,C/C,G/G,G/G,C/C,G/G,T/T,T/T,T/T
HGDP01384,Southwest Asia,C/C,C/C,T/T,C/T,A/A,G/G,A/G,A/A,C/C,C/C,G/G,C/T,A/A,T/T,G/G,G/G,G/G,A/A,A/A,G/G,A/A,T/T,A/G,G/G,T/T,A/A,A/A,T/T,T/T,T/T,A/G,A/A,A/A,A/A,C/C,T/T,G/G,C/T,C/C,A/A,A/A,G/G,C/C,T/T,G/G,A/A,G/C,T/T,T/T,T/T
HGDP01388,Southwest Asia,C/T,C/T,T/T,C/C,A/G,G/G,A/G,A/A,C/C,C/C,G/C,C/T,A/A,T/T,G/G,G/G,G/G,A/A,A/G,G/G,A/G,T/T,A/A,G/G,C/T,A/A,A/A,T/T,C/T,T/T,G/G,A/A,A/A,A/A,C/C,C/T,G/G,C/T,A/C,A/A,A/A,G/G,C/T,G/G,G/G,N,G/G,C/T,T/T,T/T
HGDP01400,Southwest Asia,C/C,C/T,T/T,C/C,A/A,G/G,G/G,A/A,C/C,C/C,G/C,C/C,A/A,T/T,G/G,G/G,G/G,A/A,A/A,G/T,A/A,T/T,G/G,A/A,T/T,G/G,A/A,T/T,T/T,T/T,G/G,A/A,A/A,A/A,C/C,C/C,G/G,T/T,A/C,A/A,A/A,G/G,C/C,G/G,G/G,A/A,G/G,T/T,C/C,T/T
HGDP01398,Southwest Asia,C/C,C/C,T/T,C/C,A/A,G/G,A/G,A/A,C/C,C/T,G/G,C/C,A/A,T/T,G/G,G/G,G/G,A/A,A/A,G/G,A/G,T/T,G/G,A/A,C/T,A/A,A/A,T/T,T/T,T/T,G/G,A/A,A/A,A/A,C/C,C/C,G/G,C/T,C/C,A/A,A/A,G/G,C/T,G/G,G/G,A/C,G/G,C/T,T/T,T/T
HGDP01382,Southwest Asia,C/C,C/C,N,C/C,A/A,G/G,A/A,A/A,C/C,C/C,G/G,C/C,A/A,T/T,G/G,G/G,G/G,A/A,A/G,G/G,A/G,T/T,A/A,A/G,C/T,A/A,A/A,T/T,T/T,T/T,G/G,A/A,A/A,A/A,C/C,T/T,G/G,C/T,A/C,A/A,A/G,G/G,C/C,G/G,G/G,A/C,G/G,T/T,C/T,T/T
HGDP01397,Southwest Asia,C/C,C/C,T/T,C/T,A/A,G/G,A/G,A/A,C/C,C/C,G/C,C/C,T/T,T/T,G/G,G/G,G/G,A/A,A/A,G/T,A/A,T/T,A/G,A/G,T/T,A/G,A/C,T/T,T/T,C/T,A/G,A/A,A/A,A/G,C/C,C/C,G/G,C/T,A/C,A/A,A/G,G/G,C/T,G/G,G/G,A/A,G/G,T/T,C/T,T/T
HGDP01386,Southwest Asia,C/C,C/C,T/T,C/T,A/A,G/G,A/A,A/A,C/C,T/T,G/C,C/C,A/T,T/T,G/G,G/G,G/G,A/A,A/G,G/G,A/G,T/T,A/G,A/G,T/T,A/A,A/A,T/T,T/T,C/T,A/G,A/A,A/A,A/A,C/T,T/T,G/G,C/C,C/C,A/G,A/A,G/G,C/C,G/G,G/G,A/A,G/G,T/T,C/T,T/T
HGDP01403,Southwest Asia,C/C,C/C,C/T,C/C,A/A,G/G,A/G,A/A,C/C,C/T,G/G,C/C,A/A,T/T,G/G,G/G,G/G,A/A,A/G,G/G,A/A,T/T,A/A,A/A,T/T,A/A,A/A,T/T,C/T,T/T,G/G,A/A,A/A,A/A,C/C,C/C,G/G,C/T,A/C,A/A,A/A,G/G,C/C,G/G,G/G,A/A,G/G,T/T,C/T,T/T
HGDP01399,Southwest Asia,C/C,C/C,T/T,C/C,A/A,G/G,A/A,A/A,C/C,C/T,G/G,C/C,A/T,T/T,G/G,G/G,G/G,A/A,A/G,G/T,A/G,T/T,A/A,A/G,C/T,A/A,A/A,T/T,C/T,T/T,G/G,A/A,A/A,A/A,C/C,C/T,G/G,C/T,C/C,A/A,A/A,G/G,C/C,G/T,G/G,A/C,G/G,T/T,C/T,T/T
HGDP01387,Southwest Asia,C/C,C/C,C/T,C/C,A/A,G/G,A/A,A/A,C/C,C/C,C/C,C/C,A/T,C/T,G/G,G/G,G/G,A/A,A/G,G/G,A/A,T/T,G/G,A/A,C/T,A/A,A/A,T/T,T/T,T/T,G/G,A/A,A/A,A/A,C/C,T/T,G/G,C/C,A/C,A/A,A/G,G/G,C/C,G/T,G/G,A/A,G/G,T/T,T/T,T/T
NA19625,Southwest Asia,C/T,C/T,C/T,C/C,A/A,A/G,A/G,G/G,C/T,C/T,G/C,C/T,A/A,T/T,G/G,C/C,G/G,A/T,A/G,T/T,A/A,C/T,G/G,G/G,C/T,A/G,A/C,N,C/T,T/T,G/G,G/G,A/G,N,C/T,C/T,G/G,T/T,C/C,A/G,A/A,G/G,C/C,G/T,G/T,C/C,C/C,C/C,C/C,T/T
NA19700,Southwest Asia,T/T,C/C,C/C,C/C,A/A,G/G,A/A,G/G,C/T,C/T,C/C,C/C,A/A,T/T,G/G,G/C,G/G,A/A,A/G,T/T,A/A,T/T,G/G,G/G,C/C,G/G,A/C,N,C/C,T/T,G/G,G/G,G/G,N,C/T,C/C,G/G,T/T,C/C,A/G,A/A,G/G,C/T,T/T,G/G,C/C,G/G,C/C,C/T,G/T
NA19701,Southwest Asia,T/T,T/T,C/T,C/C,A/A,G/G,A/A,G/G,C/T,T/T,G/C,C/C,A/A,T/T,G/G,C/C,G/G,A/A,A/G,G/T,A/A,T/T,G/G,G/G,C/C,G/G,C/C,N,C/C,T/T,G/G,A/A,A/G,N,C/T,C/T,G/G,C/T,C/C,A/G,A/G,G/G,C/C,G/T,G/G,C/C,C/C,C/C,C/C,G/T
NA19703,Southwest Asia,T/T,C/C,C/T,C/C,A/A,G/G,A/G,A/G,T/T,T/T,C/C,C/C,A/T,T/T,G/G,C/C,G/G,A/A,A/A,T/T,A/A,T/T,G/G,A/G,C/C,A/G,C/C,N,C/T,T/T,G/G,A/G,A/G,N,T/T,C/C,G/G,T/T,C/C,G/G,A/A,G/G,C/C,G/G,G/G,C/C,C/C,C/T,C/C,G/T
NA19704,Southwest Asia,C/T,C/T,C/T,C/C,A/A,G/G,A/A,A/G,T/T,C/T,G/C,C/C,A/A,T/T,G/G,C/C,G/G,A/A,A/A,G/G,A/A,T/T,G/G,G/G,C/C,A/G,C/C,N,C/C,T/T,G/G,A/A,A/G,N,T/T,C/C,A/G,T/T,A/C,G/G,A/A,G/G,C/C,T/T,G/G,C/C,C/C,C/C,C/C,T/T
NA19707,Southwest Asia,T/T,C/C,C/C,C/C,A/A,G/G,A/G,G/G,T/T,T/T,C/C,C/C,A/A,T/T,G/G,C/C,G/G,A/A,A/G,G/T,A/G,T/T,G/G,A/G,C/T,G/G,C/C,N,C/T,T/T,G/G,A/G,A/G,N,C/T,C/T,A/G,T/T,C/C,A/G,A/G,G/G,C/C,G/T,G/G,C/C,G/G,C/C,C/C,G/T
NA19711,Southwest Asia,C/T,C/T,C/C,C/C,A/A,G/G,A/A,G/G,T/T,T/T,C/C,C/C,A/A,T/T,G/G,C/C,G/G,A/A,A/G,G/T,A/G,T/T,G/G,G/G,C/T,A/G,C/C,N,C/C,T/T,G/G,A/G,G/G,N,T/T,C/C,G/G,T/T,C/C,G/G,A/A,G/G,C/C,G/G,G/G,A/C,C/C,C/C,C/C,G/G
NA19712,Southwest Asia,T/T,C/C,C/C,C/C,A/A,G/G,A/A,G/G,T/T,T/T,C/C,C/C,A/A,T/T,G/G,C/C,G/G,A/A,A/G,G/T,A/G,T/T,G/G,G/G,C/T,G/G,A/C,N,C/T,T/T,G/G,G/G,A/G,N,T/T,C/C,G/G,T/T,C/C,G/G,A/A,G/G,C/T,T/T,G/G,C/C,G/C,C/C,C/C,G/G
NA19713,Southwest Asia,T/T,C/C,C/T,C/C,A/A,G/G,A/A,G/G,T/T,T/T,G/G,C/C,A/A,T/T,G/G,G/C,G/G,A/A,A/G,T/T,A/A,T/T,G/G,A/G,C/T,G/G,C/C,N,T/T,T/T,G/G,A/A,A/G,N,C/T,C/T,G/G,T/T,C/C,A/G,A/A,G/G,C/T,G/T,G/G,A/C,G/C,C/C,C/T,G/T
NA19818,Southwest Asia,C/C,C/C,C/C,C/C,A/A,G/G,A/A,A/G,C/C,T/T,G/C,C/C,A/A,T/T,G/G,G/C,G/G,A/A,A/A,G/T,A/A,T/T,G/G,G/G,C/T,G/G,A/A,N,C/T,T/T,G/G,A/G,G/G,N,T/T,C/C,G/G,C/T,C/C,G/G,A/G,G/G,T/T,T/T,G/G,A/A,C/C,C/C,C/C,G/G
NA19819,Southwest Asia,T/T,C/C,C/T,C/C,A/A,G/G,A/A,G/G,T/T,C/T,C/C,C/C,A/T,T/T,G/G,C/C,G/G,A/A,G/G,G/T,A/A,T/T,A/G,G/G,C/T,A/G,A/C,N,C/T,T/T,G/G,A/G,A/G,N,C/T,C/C,A/G,T/T,C/C,A/G,A/A,G/G,T/T,G/T,G/G,A/C,G/C,C/C,C/C,T/T
NA19834,Southwest Asia,C/T,C/C,C/C,C/C,A/A,G/G,A/A,G/G,T/T,C/T,C/C,C/C,A/A,T/T,G/G,C/C,G/G,A/A,A/A,G/T,A/A,T/T,G/G,G/G,C/T,A/G,A/C,N,C/C,T/T,G/G,A/G,G/G,N,T/T,C/C,G/G,C/T,C/C,G/G,A/A,G/G,C/C,G/G,G/G,C/C,C/C,C/T,C/C,G/G
NA19835,Southwest Asia,C/T,C/C,C/C,C/C,A/A,G/G,A/A,G/G,T/T,T/T,C/C,C/C,A/A,T/T,G/G,G/C,G/G,A/A,A/G,G/G,A/G,T/T,G/G,G/G,C/C,G/G,A/C,N,C/T,T/T,G/G,G/G,G/G,N,T/T,C/C,G/G,T/T,C/C,G/G,A/G,G/G,C/C,G/G,G/G,A/C,C/C,C/T,C/C,G/T
NA19900,Southwest Asia,T/T,C/T,C/C,C/C,A/A,G/G,A/A,A/G,T/T,T/T,G/C,C/C,A/A,T/T,G/G,C/C,G/G,A/A,G/G,G/T,A/G,T/T,G/G,A/G,C/C,G/G,A/A,N,C/T,T/T,G/G,A/A,G/G,N,T/T,C/C,G/G,T/T,C/C,G/G,A/A,G/G,C/T,T/T,G/G,C/C,G/G,C/T,C/C,G/T
NA19901,Southwest Asia,T/T,C/C,C/C,C/C,A/A,G/G,A/A,G/G,T/T,T/T,G/C,C/C,A/A,T/T,G/G,C/C,G/G,A/A,A/G,G/T,A/G,T/T,G/G,G/G,C/C,G/G,A/C,N,C/C,T/T,G/G,A/G,A/G,N,T/T,C/C,G/G,T/T,C/C,G/G,A/A,G/G,C/C,T/T,G/G,C/C,C/C,C/T,C/C,G/G
NA19904,Southwest Asia,T/T,C/C,C/C,C/C,A/A,G/G,A/A,G/G,C/T,T/T,C/C,C/C,A/A,T/T,G/G,G/C,G/G,A/A,A/G,T/T,A/A,T/T,G/G,A/G,C/C,A/G,A/C,N,C/C,T/T,G/G,A/G,A/G,N,T/T,C/C,G/G,T/T,A/C,G/G,A/A,G/G,C/C,G/T,G/T,C/C,G/C,C/C,C/C,G/G
NA19908,Southwest Asia,T/T,C/C,C/C,C/C,A/A,G/G,A/A,G/G,T/T,T/T,C/C,C/T,A/A,T/T,G/G,C/C,G/G,A/A,A/G,G/T,A/A,T/T,G/G,G/G,C/C,G/G,C/C,N,C/C,T/T,G/G,A/G,G/G,N,C/T,C/T,G/G,T/T,C/C,A/G,A/A,G/G,C/C,T/T,G/G,C/C,C/C,C/C,C/C,G/G
NA19909,Southwest Asia,T/T,C/C,C/T,C/C,A/A,G/G,A/A,A/G,T/T,T/T,C/C,C/C,A/A,T/T,G/G,C/C,G/G,A/A,G/G,G/T,A/A,T/T,G/G,G/G,C/T,G/G,C/C,N,C/C,T/T,G/G,A/G,G/G,N,T/T,T/T,G/G,T/T,C/C,G/G,A/A,G/G,C/C,G/T,G/G,C/C,C/C,C/T,C/C,G/G
NA19914,Southwest Asia,T/T,C/C,C/C,C/C,A/A,A/G,A/G,G/G,T/T,C/C,G/C,C/C,A/A,T/T,G/G,G/C,G/G,A/T,A/A,G/T,A/G,T/T,A/A,G/G,C/C,G/G,A/C,N,C/T,T/T,G/G,A/G,A/G,N,T/T,C/T,G/G,T/T,C/C,G/G,A/A,G/G,C/C,G/T,G/G,C/C,C/C,C/C,C/T,T/T
NA19916,Southwest Asia,C/T,C/C,C/T,C/C,A/A,G/G,A/A,G/G,T/T,T/T,G/C,C/C,A/A,T/T,G/G,G/C,G/G,A/A,A/A,G/T,A/A,T/T,G/G,G/G,C/T,G/G,A/C,N,C/C,T/T,G/G,G/G,G/G,N,C/T,C/C,G/G,C/T,A/C,A/G,A/A,G/G,C/C,T/T,G/G,C/C,C/C,C/C,C/C,G/T
NA19917,Southwest Asia,T/T,C/C,C/C,C/C,A/A,G/G,A/A,G/G,T/T,C/T,C/C,C/C,A/A,T/T,G/G,C/C,G/G,A/A,A/G,T/T,A/A,T/T,A/G,G/G,C/C,G/G,C/C,N,C/C,T/T,G/G,G/G,A/G,N,T/T,C/C,G/G,T/T,C/C,G/G,A/A,G/G,C/C,T/T,G/T,C/C,G/C,C/C,C/C,G/T
NA19920,Southwest Asia,T/T,C/T,C/C,C/C,A/A,G/G,A/A,G/G,C/T,C/T,C/C,C/C,A/A,T/T,G/G,C/C,G/G,A/A,A/A,G/T,A/A,T/T,G/G,G/G,C/C,G/G,C/C,N,C/C,T/T,G/G,G/G,G/G,N,T/T,C/C,G/G,C/T,C/C,G/G,A/A,G/G,C/C,T/T,G/G,C/C,G/C,C/C,C/C,G/G
NA19921,Southwest Asia,T/T,C/C,C/T,C/C,A/A,G/G,A/G,A/G,C/C,C/T,G/C,C/C,A/A,T/T,G/G,G/C,G/G,A/A,A/A,G/T,A/A,T/T,G/G,G/G,C/C,A/A,A/C,N,C/T,T/T,G/G,A/A,A/G,N,C/C,C/C,G/G,T/T,C/C,A/A,A/A,G/G,C/C,T/T,G/G,C/C,G/C,C/T,C/C,G/T
NA19922,Southwest Asia,T/T,C/C,C/C,C/C,A/A,G/G,A/G,A/G,C/C,T/T,G/C,C/C,A/A,T/T,A/G,G/C,G/G,A/A,A/A,T/T,A/G,T/T,G/G,G/G,C/C,G/G,A/A,N,C/T,T/T,G/G,G/G,G/G,N,C/T,C/C,G/G,T/T,C/C,A/G,A/A,G/G,C/C,G/T,G/G,A/C,G/C,C/C,C/C,G/G
NA19923,Southwest Asia,T/T,T/T,C/T,C/C,A/A,G/G,A/G,A/G,C/T,C/T,C/C,C/T,A/A,T/T,G/G,G/G,G/G,A/A,A/A,T/T,A/G,T/T,G/G,A/A,C/T,G/G,A/C,N,C/C,T/T,G/G,A/G,G/G,N,C/T,C/T,G/G,T/T,A/C,A/G,A/A,G/G,C/C,G/G,G/G,C/C,G/C,C/T,C/C,G/T
NA19982,Southwest Asia,T/T,C/T,C/T,C/C,A/A,G/G,A/A,A/G,T/T,T/T,C/C,C/C,A/A,T/T,G/G,C/C,G/G,A/A,G/G,G/G,A/A,T/T,G/G,G/G,C/T,A/G,A/A,N,C/T,T/T,G/G,G/G,G/G,N,C/T,C/C,G/G,C/T,C/C,G/G,A/A,G/G,C/T,T/T,G/G,C/C,C/C,C/T,C/C,G/T
NA19984,Southwest Asia,C/T,C/C,C/T,C/C,A/A,G/G,A/A,G/G,T/T,T/T,C/C,C/C,A/A,T/T,G/G,C/C,G/G,A/A,A/G,T/T,A/A,T/T,G/G,G/G,C/C,A/G,C/C,N,C/C,T/T,G/G,G/G,A/G,N,T/T,C/C,G/G,C/T,C/C,G/G,A/A,G/G,C/T,G/T,G/G,A/C,C/C,C/C,C/C,G/T
NA20126,Southwest Asia,T/T,C/C,C/C,C/C,A/A,G/G,A/A,G/G,C/T,T/T,G/C,C/C,A/A,T/T,G/G,G/C,G/G,A/A,A/A,T/T,A/G,T/T,G/G,A/G,C/C,G/G,A/C,N,C/T,T/T,G/G,A/G,A/A,N,T/T,C/C,G/G,T/T,C/C,G/G,A/A,G/G,C/C,G/T,G/G,A/C,G/C,C/C,C/T,G/G
NA20127,Southwest Asia,C/T,C/T,C/C,C/C,A/A,G/G,A/A,G/G,C/C,T/T,G/C,C/T,A/A,T/T,G/G,G/C,G/G,A/A,G/G,G/T,A/A,T/T,G/G,G/G,C/C,G/G,C/C,N,C/T,T/T,G/G,G/G,G/G,N,T/T,C/C,G/G,T/T,C/C,G/G,A/A,G/G,C/C,G/T,G/G,C/C,C/C,C/C,C/C,G/G
NA20276,Southwest Asia,C/C,C/C,C/C,C/C,A/A,G/G,A/A,G/G,T/T,T/T,G/C,C/C,A/A,T/T,G/G,C/C,G/G,A/A,G/G,T/T,A/A,T/T,G/G,G/G,C/C,A/G,C/C,N,C/T,T/T,G/G,A/G,G/G,N,T/T,T/T,G/G,C/T,C/C,G/G,A/A,G/G,C/T,T/T,G/G,C/C,C/C,C/C,C/T,G/T
NA20278,Southwest Asia,C/T,C/C,C/C,C/C,A/A,G/G,A/G,A/G,C/T,C/T,G/C,C/C,A/A,T/T,G/G,G/C,G/G,A/A,A/G,G/T,A/A,T/T,A/G,A/G,C/T,A/G,A/C,N,C/T,C/T,G/G,A/G,A/A,N,C/T,C/C,G/G,T/T,A/C,A/G,A/G,G/G,C/C,G/G,G/G,A/C,G/C,C/T,C/T,G/T
NA20281,Southwest Asia,T/T,C/C,C/C,C/C,A/A,G/G,A/A,G/G,C/T,T/T,C/C,C/C,A/A,T/T,G/G,C/C,G/G,A/A,A/A,G/T,A/A,T/T,G/G,G/G,C/C,A/G,A/C,N,C/T,T/T,G/G,A/G,G/G,N,C/T,C/C,G/G,T/T,C/C,A/G,A/A,G/G,C/C,T/T,G/G,A/C,G/C,C/C,C/C,G/T
NA20282,Southwest Asia,C/T,C/C,C/C,C/C,A/A,G/G,A/A,G/G,C/T,T/T,C/C,C/C,A/A,T/T,G/G,G/C,G/G,A/A,A/G,T/T,A/A,T/T,G/G,G/G,C/C,A/G,A/C,N,C/C,T/T,G/G,A/G,G/G,N,C/T,C/T,G/G,T/T,C/C,A/G,A/A,G/G,C/C,G/T,G/G,A/C,G/G,C/C,C/C,T/T
NA20287,Southwest Asia,T/T,C/C,C/T,C/C,A/A,G/G,A/A,A/G,C/T,T/T,G/C,C/C,A/A,T/T,G/G,C/C,G/G,A/A,A/A,T/T,A/A,T/T,G/G,A/G,C/C,G/G,C/C,N,T/T,T/T,G/G,A/G,G/G,N,C/T,C/T,G/G,C/C,C/C,G/G,A/A,G/G,C/C,G/T,G/G,C/C,C/C,C/C,C/C,G/G
NA20289,Southwest Asia,T/T,C/C,C/C,C/C,A/A,G/G,A/A,G/G,T/T,T/T,C/C,C/C,A/A,T/T,G/G,G/C,G/G,A/A,G/G,G/T,A/G,T/T,G/G,G/G,C/T,G/G,C/C,N,C/T,T/T,G/G,A/G,G/G,N,C/C,C/C,G/G,T/T,A/C,G/G,A/A,G/G,C/C,G/T,G/G,C/C,C/C,C/C,C/C,G/T
NA20291,Southwest Asia,T/T,C/T,C/C,C/C,A/A,G/G,A/A,G/G,T/T,T/T,C/C,C/C,A/A,T/T,G/G,C/C,G/G,A/A,A/A,T/T,A/A,T/T,G/G,G/G,C/C,G/G,C/C,N,C/C,T/T,G/G,G/G,G/G,N,C/T,C/C,G/G,T/T,C/C,G/G,A/A,G/G,C/C,T/T,G/G,A/C,G/C,C/T,C/C,G/T
NA20294,Southwest Asia,T/T,C/T,C/C,C/C,A/A,G/G,A/G,A/G,C/T,C/T,C/C,C/C,A/A,T/T,G/G,C/C,G/G,A/A,A/G,T/T,A/G,T/T,G/G,G/G,C/T,G/G,A/C,N,C/T,T/T,G/G,A/G,A/G,N,C/T,C/T,G/G,T/T,A/C,A/G,A/A,G/G,C/C,G/T,G/G,C/C,G/G,C/T,C/C,G/G
NA20296,Southwest Asia,C/T,C/C,C/C,C/C,A/A,G/G,A/A,G/G,T/T,T/T,C/C,C/C,A/A,T/T,G/G,C/C,G/G,A/A,A/A,G/T,A/A,T/T,G/G,A/G,C/C,A/G,A/C,N,C/C,T/T,G/G,A/G,G/G,N,C/T,C/T,G/G,C/C,C/C,A/G,A/A,G/G,C/C,G/T,G/G,A/C,G/C,C/C,C/C,G/T
NA20298,Southwest Asia,T/T,C/C,C/C,C/C,A/A,G/G,A/A,A/G,T/T,T/T,C/C,C/C,A/A,T/T,G/G,G/C,G/G,A/A,A/G,T/T,A/A,T/T,G/G,G/G,C/C,G/G,C/C,N,C/T,T/T,G/G,G/G,G/G,N,T/T,C/C,G/G,C/T,C/C,G/G,A/A,G/G,C/C,T/T,G/G,C/C,C/C,C/T,C/C,G/T
NA20314,Southwest Asia,C/C,T/T,C/T,C/C,A/G,G/G,A/A,A/G,C/C,C/C,G/C,C/T,A/A,T/T,A/G,G/G,G/G,A/A,A/A,T/T,G/G,T/T,A/G,G/G,T/T,A/A,C/C,N,C/T,C/T,G/G,A/A,A/G,N,C/C,C/C,G/G,T/T,C/C,A/A,G/G,G/G,C/T,G/G,T/T,A/A,G/G,T/T,C/T,T/T
NA20317,Southwest Asia,C/T,C/C,C/C,C/C,A/A,G/G,A/G,G/G,C/C,C/T,C/C,C/C,A/A,T/T,G/G,C/C,G/G,A/A,A/A,G/T,A/G,T/T,G/G,A/G,C/C,A/G,A/C,N,C/C,T/T,G/G,A/G,G/G,N,T/T,C/T,G/G,T/T,A/C,G/G,A/G,G/G,T/T,G/G,G/G,C/C,C/C,C/C,C/C,G/T
NA20320,Southwest Asia,T/T,C/T,C/C,C/C,A/A,G/G,A/A,G/G,T/T,T/T,G/C,C/C,A/A,T/T,G/G,C/C,G/G,A/A,A/A,G/T,A/G,T/T,G/G,G/G,C/C,G/G,A/C,N,C/C,T/T,G/G,G/G,G/G,N,T/T,C/T,G/G,C/T,A/C,G/G,A/A,G/G,C/C,T/T,G/G,C/C,C/C,C/C,C/C,G/G
NA20332,Southwest Asia,C/T,C/T,C/C,C/C,A/A,G/G,A/A,G/G,C/T,T/T,C/C,C/C,A/A,T/T,G/G,G/C,G/G,A/A,G/G,T/T,A/A,T/T,G/G,G/G,C/C,A/A,A/C,N,C/C,T/T,G/G,G/G,G/G,N,C/C,C/C,G/G,C/T,C/C,A/G,A/A,G/G,C/C,G/T,G/G,C/C,C/C,C/C,C/C,G/G
NA20334,Southwest Asia,T/T,C/T,C/T,C/C,A/A,G/G,G/G,A/G,C/C,T/T,C/C,C/C,A/T,T/T,G/G,G/G,A/G,A/A,A/A,G/G,A/A,T/T,G/G,G/G,C/C,A/G,A/C,N,C/T,T/T,G/G,A/G,A/A,N,T/T,C/C,G/G,T/T,C/C,G/G,A/A,G/G,C/C,T/T,G/G,C/C,G/C,C/T,C/C,G/G
NA20339,Southwest Asia,T/T,C/C,C/T,C/C,A/A,G/G,A/A,A/G,C/T,T/T,C/C,C/C,A/A,T/T,G/G,C/C,G/G,A/A,A/G,G/T,A/A,T/T,G/G,A/G,C/C,G/G,C/C,N,C/T,T/T,G/G,G/G,G/G,N,T/T,C/C,G/G,C/T,C/C,G/G,A/A,G/G,C/C,G/G,G/T,C/C,G/C,C/T,C/C,G/G
NA20340,Southwest Asia,T/T,C/T,C/C,C/C,A/A,G/G,A/A,A/G,T/T,T/T,C/C,C/C,A/A,T/T,G/G,G/C,G/G,A/A,A/G,G/T,A/A,T/T,G/G,G/G,C/C,G/G,A/C,N,C/C,T/T,G/G,G/G,G/G,N,C/T,C/C,G/G,T/T,C/C,A/G,A/A,G/G,C/C,G/T,G/G,C/C,G/C,C/T,C/C,G/T
NA20342,Southwest Asia,C/T,C/C,C/C,C/C,A/A,G/G,A/G,A/G,C/C,C/T,C/C,C/C,A/A,T/T,G/G,G/C,G/G,A/A,A/A,G/T,A/A,T/T,A/G,G/G,C/C,A/G,A/A,N,C/T,T/T,G/G,A/G,G/G,N,C/T,C/C,G/G,C/T,A/C,A/G,A/A,G/G,C/C,G/T,G/T,C/C,G/C,C/T,C/T,G/T
NA20346,Southwest Asia,T/T,C/T,C/T,C/C,A/A,G/G,A/A,G/G,T/T,T/T,G/C,C/C,A/A,T/T,G/G,G/C,G/G,A/A,A/G,G/T,A/G,T/T,G/G,G/G,C/C,G/G,A/C,N,T/T,T/T,G/G,G/G,G/G,N,T/T,C/C,G/G,T/T,C/C,G/G,A/A,G/G,C/C,G/G,G/G,C/C,C/C,C/C,C/T,G/G
NA20348,Southwest Asia,T/T,C/T,C/C,C/C,A/A,G/G,A/A,A/G,T/T,T/T,C/C,C/C,A/A,T/T,G/G,C/C,G/G,A/A,A/G,T/T,A/A,T/T,G/G,G/G,C/C,G/G,A/C,N,C/C,T/T,G/G,A/G,G/G,N,C/T,C/C,G/G,T/T,C/C,A/G,A/A,G/G,C/C,G/T,G/G,C/C,G/C,C/C,C/C,G/T
NA20351,Southwest Asia,T/T,T/T,C/C,C/C,A/A,A/G,A/G,G/G,C/T,C/T,G/C,C/C,A/A,T/T,G/G,G/C,G/G,A/T,A/G,T/T,A/G,T/T,G/G,G/G,C/C,G/G,C/C,N,T/T,T/T,G/G,A/A,A/G,N,T/T,C/T,G/G,C/T,A/C,G/G,A/A,G/G,C/C,T/T,G/G,C/C,G/C,C/C,C/C,G/T
NA20356,Southwest Asia,T/T,C/T,C/C,C/C,A/A,G/G,A/G,G/G,C/C,T/T,C/C,C/C,A/A,T/T,G/G,C/C,G/G,A/A,A/G,G/G,A/A,T/T,G/G,G/G,C/C,G/G,A/C,N,C/T,T/T,G/G,A/G,A/A,N,T/T,C/C,G/G,T/T,C/C,G/G,A/A,G/G,C/C,G/T,G/G,C/C,G/C,C/C,C/C,G/G
NA20357,Southwest Asia,T/T,C/C,C/C,C/C,A/A,G/G,A/A,A/G,T/T,T/T,G/C,C/C,A/T,T/T,G/G,C/C,G/G,A/A,A/A,G/G,A/G,T/T,G/G,G/G,C/C,G/G,C/C,N,C/T,T/T,G/G,G/G,G/G,N,T/T,C/C,G/G,C/T,C/C,G/G,A/A,G/G,C/C,T/T,G/G,C/C,C/C,C/C,C/C,G/G
NA20359,Southwest Asia,T/T,C/C,C/C,C/C,A/A,G/G,A/A,G/G,C/C,T/T,C/C,C/C,A/A,T/T,G/G,C/C,G/G,A/A,A/A,T/T,A/A,T/T,G/G,A/A,T/T,G/G,A/C,N,C/C,T/T,G/G,A/G,A/G,N,T/T,C/T,G/G,C/T,A/C,G/G,A/A,G/G,C/T,G/G,G/G,A/C,C/C,C/C,C/C,G/T
NA20412,Southwest Asia,T/T,C/C,T/T,C/C,A/A,G/G,A/A,G/G,C/T,C/T,G/C,C/C,A/A,T/T,A/G,C/C,G/G,A/A,A/G,G/G,A/A,T/T,A/G,G/G,T/T,A/G,A/C,N,C/C,T/T,G/G,A/G,A/G,N,T/T,C/T,G/G,C/C,C/C,G/G,A/A,G/G,C/T,G/T,G/G,C/C,G/G,C/C,C/C,G/G
HG01879,Southwest Asia,C/T,C/C,C/C,C/C,A/A,G/G,A/A,G/G,T/T,T/T,C/C,C/C,A/A,T/T,G/G,C/C,G/G,A/A,A/A,G/T,G/G,T/T,G/G,G/G,C/C,A/G,C/C,N,C/C,T/T,G/G,A/G,A/A,N,T/T,C/C,G/G,C/T,C/C,G/G,A/A,G/G,C/C,G/T,G/G,C/C,G/G,C/C,C/C,T/T
HG01880,Southwest Asia,C/T,C/T,T/T,C/C,A/A,G/G,A/G,G/G,C/T,T/T,C/C,C/C,A/A,T/T,G/G,C/C,G/G,A/A,G/G,T/T,A/G,T/T,A/G,G/G,C/C,A/G,A/A,N,C/C,T/T,G/G,G/G,A/G,N,C/T,C/C,G/G,T/T,C/C,A/G,A/G,G/G,T/T,T/T,G/G,A/C,G/G,C/C,C/C,T/T
HG01882,Southwest Asia,T/T,C/C,C/T,C/C,A/A,G/G,A/A,G/G,C/T,C/T,C/C,C/C,A/A,T/T,G/G,C/C,G/G,A/A,A/G,G/G,A/G,T/T,G/G,G/G,C/C,A/G,C/C,N,C/T,T/T,G/G,G/G,A/A,N,C/T,C/T,G/G,C/T,C/C,A/G,A/A,G/G,C/C,G/T,G/G,C/C,C/C,C/C,C/C,G/T
HG01883,Southwest Asia,T/T,C/T,C/T,C/C,A/A,G/G,A/A,G/G,T/T,T/T,C/C,C/C,A/A,T/T,G/G,C/C,G/G,A/A,A/A,G/T,A/A,T/T,G/G,G/G,C/C,A/G,A/C,N,C/C,T/T,G/G,G/G,G/G,N,C/T,C/T,G/G,T/T,C/C,A/G,A/A,G/G,C/C,G/T,G/G,A/C,G/C,C/C,C/C,G/T
HG01885,Southwest Asia,C/T,C/C,C/C,C/C,A/A,G/G,A/A,G/G,C/T,T/T,C/C,C/C,A/A,T/T,G/G,C/C,G/G,A/A,A/G,T/T,A/A,T/T,G/G,G/G,C/C,G/G,C/C,N,C/C,T/T,G/G,G/G,A/A,N,C/T,C/C,G/G,T/T,C/C,A/G,A/A,G/G,C/T,T/T,G/G,C/C,C/C,C/C,C/T,G/G
HG01886,Southwest Asia,T/T,C/T,C/C,C/C,A/A,G/G,A/A,G/G,T/T,T/T,G/C,C/C,A/A,T/T,G/G,C/C,G/G,A/A,A/A,T/T,A/G,T/T,G/G,G/G,C/C,G/G,A/C,N,C/C,T/T,G/G,G/G,G/G,N,C/T,C/C,G/G,T/T,C/C,A/G,A/G,G/G,C/T,G/T,G/G,A/C,C/C,C/C,C/T,G/G
HG01889,Southwest Asia,C/T,C/C,C/C,C/C,A/A,G/G,A/A,G/G,T/T,T/T,C/C,C/C,A/A,T/T,G/G,C/C,G/G,A/A,A/G,G/G,A/G,T/T,G/G,G/G,C/C,G/G,A/C,N,C/C,T/T,G/G,G/G,G/G,N,T/T,C/T,G/G,T/T,C/C,G/G,A/A,G/G,C/C,G/T,G/G,C/C,G/C,C/C,C/C,G/G
HG01890,Southwest Asia,C/T,C/C,C/C,C/C,A/A,G/G,A/A,G/G,T/T,T/T,C/C,C/C,A/A,T/T,G/G,G/C,G/G,A/A,A/G,T/T,A/A,T/T,G/G,G/G,C/T,G/G,A/A,N,C/C,T/T,G/G,G/G,G/G,N,T/T,C/C,G/G,T/T,C/C,G/G,A/A,G/G,C/C,T/T,G/G,C/C,G/C,C/C,C/C,G/T
HG01894,Southwest Asia,C/T,C/T,C/C,C/C,A/A,G/G,A/G,G/G,T/T,T/T,C/C,C/C,A/A,T/T,G/G,C/C,G/G,A/A,A/A,T/T,A/A,T/T,G/G,A/G,C/C,G/G,C/C,N,C/C,T/T,G/G,G/G,G/G,N,C/T,C/C,G/G,T/T,C/C,A/G,A/A,G/G,C/C,G/G,G/G,C/C,G/C,C/C,C/C,G/G
HG01896,Southwest Asia,T/T,C/C,C/C,C/C,A/A,G/G,A/A,G/G,C/T,T/T,C/C,C/C,A/A,T/T,G/G,C/C,G/G,A/A,A/A,T/T,A/A,T/T,G/G,G/G,C/C,G/G,A/C,N,C/C,T/T,G/G,G/G,G/G,N,T/T,C/C,G/G,T/T,C/C,G/G,A/A,G/G,C/C,T/T,G/G,C/C,C/C,C/C,C/C,G/G
HG01912,Southwest Asia,T/T,C/C,C/T,C/C,A/A,G/G,A/G,A/G,C/T,C/T,G/C,C/C,A/A,T/T,G/G,G/C,G/G,A/A,A/A,T/T,A/A,T/T,G/G,G/G,C/C,G/G,A/C,N,C/T,T/T,G/G,A/G,G/G,N,T/T,C/C,G/G,T/T,C/C,G/G,A/A,G/G,C/C,T/T,G/G,C/C,G/C,C/T,C/C,G/T
HG01914,Southwest Asia,T/T,C/C,C/C,C/C,A/A,G/G,A/A,A/G,C/T,T/T,C/C,C/C,A/A,T/T,G/G,C/C,G/G,A/A,A/A,G/T,A/G,T/T,G/G,G/G,C/C,G/G,C/C,N,T/T,T/T,G/G,G/G,G/G,N,T/T,C/T,A/G,C/T,C/C,G/G,A/A,G/G,C/C,G/T,G/G,A/C,C/C,T/T,C/T,G/T
HG01915,Southwest Asia,T/T,C/C,C/C,C/C,A/A,G/G,A/A,G/G,T/T,C/T,C/C,C/C,A/A,T/T,G/G,C/C,G/G,A/A,A/A,T/T,A/A,T/T,G/G,G/G,C/C,G/G,A/C,N,C/C,T/T,G/G,A/G,G/G,N,T/T,C/T,G/G,T/T,C/C,G/G,A/A,G/G,C/C,G/G,G/T,C/C,G/C,C/C,C/C,G/G
HG01956,Southwest Asia,T/T,C/T,C/C,C/C,A/A,G/G,A/A,G/G,C/T,T/T,C/C,C/C,A/A,C/T,G/G,C/C,G/G,A/A,A/G,T/T,A/A,T/T,G/G,G/G,C/C,G/G,A/C,N,C/C,T/T,G/G,G/G,A/G,N,T/T,T/T,G/G,C/T,C/C,G/G,A/A,G/G,C/C,T/T,G/G,A/C,G/C,C/C,C/C,G/G
HG01958,Southwest Asia,T/T,C/C,C/C,C/C,A/A,G/G,A/A,G/G,C/C,T/T,C/C,C/C,A/A,T/T,G/G,C/C,G/G,A/A,A/A,T/T,A/A,T/T,G/G,G/G,C/C,G/G,A/C,N,C/C,T/T,G/G,A/G,A/G,N,T/T,C/C,G/G,T/T,C/C,G/G,A/A,G/G,C/C,G/T,G/G,C/C,C/C,C/C,C/T,G/G
HG01985,Southwest Asia,T/T,C/T,C/C,C/C,A/A,G/G,A/G,G/G,C/C,T/T,C/C,C/C,A/A,T/T,G/G,C/C,G/G,A/A,A/G,T/T,A/G,T/T,A/G,G/G,C/C,G/G,C/C,N,C/T,T/T,G/G,A/G,G/G,N,T/T,C/T,G/G,C/T,C/C,G/G,A/A,G/G,C/C,G/T,G/G,C/C,C/C,C/C,C/C,G/T
HG01986,Southwest Asia,C/C,C/C,C/C,C/C,A/G,G/G,A/G,A/G,C/C,T/T,C/C,C/C,A/A,T/T,G/G,C/C,G/G,A/A,A/A,G/G,A/A,T/T,G/G,A/G,C/T,G/G,A/A,N,C/C,T/T,G/G,A/G,G/G,N,T/T,C/T,G/G,T/T,A/C,G/G,A/A,G/G,C/C,G/T,G/G,C/C,C/C,C/T,C/C,G/T
HG01988,Southwest Asia,C/T,C/C,T/T,C/C,A/A,G/G,A/A,G/G,C/C,C/T,G/G,C/C,A/A,T/T,G/G,G/G,A/G,A/A,A/A,T/T,A/G,T/T,A/G,G/G,C/C,A/A,A/A,N,C/C,T/T,G/G,G/G,A/G,N,C/T,C/C,A/G,C/T,A/C,A/G,A/A,G/G,C/T,T/T,G/G,A/A,G/C,C/C,C/C,G/T
HG01989,Southwest Asia,T/T,C/C,C/C,C/C,A/A,G/G,A/G,A/G,C/T,C/T,C/C,C/C,A/A,T/T,G/G,C/C,G/G,A/A,A/G,G/T,A/G,T/T,G/G,G/G,C/T,G/G,A/C,N,C/C,T/T,G/G,G/G,G/G,N,T/T,C/C,G/G,C/T,C/C,G/G,A/A,G/G,C/C,T/T,G/G,C/C,C/C,C/T,C/C,G/G
HG01990,Southwest Asia,T/T,C/T,C/C,C/T,A/A,G/G,A/G,G/G,T/T,T/T,C/C,C/C,A/A,T/T,G/G,C/C,G/G,A/A,A/G,T/T,A/G,T/T,G/G,G/G,C/C,G/G,C/C,N,C/T,T/T,G/G,A/G,A/G,N,T/T,C/C,G/G,T/T,C/C,G/G,A/A,G/G,C/C,T/T,G/G,C/C,C/C,C/C,C/C,T/T
HG02009,Southwest Asia,T/T,C/C,C/C,C/C,A/A,G/G,A/A,G/G,T/T,T/T,G/C,C/C,A/A,T/T,G/G,C/C,G/G,A/A,A/G,G/T,A/A,T/T,G/G,G/G,C/T,G/G,A/C,N,C/C,T/T,G/G,G/G,A/G,N,T/T,C/C,A/G,T/T,C/C,G/G,A/G,G/G,C/C,T/T,G/G,C/C,C/C,C/C,C/C,G/T
HG02010,Southwest Asia,C/T,C/C,C/C,C/C,A/A,G/G,A/A,G/G,T/T,T/T,C/C,C/C,A/A,T/T,G/G,C/C,G/G,A/A,A/A,T/T,A/A,T/T,G/G,G/G,C/C,G/G,C/C,N,C/T,T/T,G/G,A/G,G/G,N,T/T,C/C,G/G,C/C,C/C,G/G,A/A,G/G,C/T,G/T,G/G,C/C,C/C,C/C,C/T,T/T
HG02012,Southwest Asia,C/T,C/C,C/C,C/C,A/A,G/G,A/A,G/G,T/T,T/T,C/C,C/C,A/A,T/T,G/G,C/C,G/G,A/A,A/G,T/T,A/A,T/T,G/G,A/G,C/C,G/G,C/C,N,C/C,T/T,G/G,G/G,A/G,N,C/C,C/C,G/G,C/T,C/C,A/A,A/A,G/G,C/C,G/T,G/G,A/C,C/C,C/C,C/C,G/G
HG02013,Southwest Asia,T/T,C/C,C/T,C/C,A/A,G/G,A/A,G/G,T/T,T/T,C/C,C/C,A/A,T/T,G/G,C/C,G/G,A/A,A/A,G/T,A/A,T/T,G/G,G/G,C/C,A/G,C/C,N,C/C,T/T,G/G,G/G,G/G,N,T/T,C/T,A/G,C/T,C/C,G/G,A/A,G/G,C/C,G/T,G/G,C/C,C/C,C/C,C/C,G/G
HG02014,Southwest Asia,T/T,C/C,C/C,C/C,A/A,G/G,A/A,G/G,C/T,T/T,C/C,C/C,A/A,T/T,G/G,G/C,G/G,A/A,A/G,T/T,A/G,T/T,G/G,G/G,C/C,G/G,A/A,N,C/C,C/T,G/G,A/G,G/G,N,C/T,C/C,G/G,C/T,C/C,A/G,A/A,G/G,C/C,T/T,G/G,C/C,G/C,C/C,C/C,G/T
HG02051,Southwest Asia,C/T,C/C,C/C,C/C,A/A,G/G,A/A,G/G,T/T,T/T,C/C,C/C,A/A,T/T,G/G,C/C,G/G,A/A,A/G,G/T,A/G,T/T,G/G,G/G,C/C,G/G,A/C,N,C/C,T/T,G/G,G/G,A/G,N,T/T,C/C,G/G,C/T,C/C,G/G,A/A,G/G,C/C,G/T,G/G,C/C,G/C,C/C,C/C,G/G
HG02052,Southwest Asia,T/T,C/C,C/T,C/C,A/A,G/G,A/A,G/G,T/T,T/T,C/C,C/C,A/A,T/T,G/G,C/C,G/G,A/A,A/A,G/T,A/G,T/T,G/G,G/G,C/C,G/G,A/A,N,C/C,T/T,G/G,A/G,A/G,N,C/T,C/C,G/G,T/T,C/C,A/G,A/A,G/G,C/C,T/T,G/G,C/C,C/C,C/C,C/C,G/G
HG02053,Southwest Asia,T/T,C/C,C/C,C/C,A/A,G/G,A/A,A/G,C/C,T/T,C/C,C/C,A/A,T/T,G/G,C/C,G/G,A/A,A/A,T/T,A/A,T/T,G/G,G/G,C/C,G/G,A/C,N,C/C,T/T,G/G,A/G,G/G,N,C/T,C/T,A/G,T/T,C/C,A/G,A/A,G/G,C/C,G/T,G/G,A/C,C/C,C/C,C/C,G/T
HG02054,Southwest Asia,T/T,C/C,C/T,C/C,A/A,G/G,A/A,G/G,T/T,C/T,C/C,C/C,A/A,T/T,G/G,G/C,G/G,A/A,G/G,G/T,A/A,T/T,G/G,G/G,C/C,G/G,A/C,N,C/T,C/T,G/G,G/G,A/G,N,T/T,C/T,G/G,T/T,A/C,G/G,A/A,G/G,C/C,G/G,G/G,A/C,G/C,C/C,C/C,G/T
HG02095,Southwest Asia,T/T,C/C,C/C,C/C,A/A,G/G,A/A,A/G,C/T,T/T,C/C,C/C,A/A,T/T,G/G,C/C,G/G,A/A,A/G,T/T,A/A,T/T,G/G,G/G,C/C,G/G,A/C,N,C/C,T/T,G/G,A/G,G/G,N,T/T,C/C,G/G,T/T,C/C,G/G,A/A,G/G,C/C,G/T,G/G,C/C,G/C,C/T,C/C,G/T
HG02107,Southwest Asia,T/T,C/C,C/C,C/C,A/A,G/G,A/A,G/G,C/T,T/T,C/C,C/C,A/A,T/T,G/G,G/C,G/G,A/A,A/A,T/T,A/A,T/T,G/G,G/G,C/C,G/G,C/C,N,C/T,T/T,G/G,G/G,A/G,N,T/T,C/C,G/G,T/T,C/C,G/G,A/A,G/G,C/C,T/T,G/G,C/C,G/C,C/C,C/C,G/T
HG02108,Southwest Asia,T/T,C/C,C/T,C/C,A/A,G/G,A/G,G/G,T/T,T/T,C/C,C/C,A/A,T/T,G/G,G/C,G/G,A/A,G/G,G/T,A/A,T/T,G/G,G/G,C/C,A/G,A/C,N,C/C,T/T,G/G,G/G,G/G,N,C/C,C/T,G/G,C/T,A/C,A/A,A/A,G/G,C/C,T/T,G/G,A/C,G/C,C/C,C/C,T/T
HG02111,Southwest Asia,T/T,C/T,C/C,C/C,A/A,G/G,A/A,G/G,T/T,T/T,C/C,C/C,A/A,T/T,G/G,C/C,G/G,A/A,A/G,G/G,A/A,T/T,G/G,G/G,C/T,G/G,A/C,N,C/T,T/T,G/G,G/G,G/G,N,T/T,C/C,G/G,C/T,C/C,G/G,A/A,G/G,C/C,G/T,G/G,C/C,G/G,C/C,C/C,G/G
HG02143,Southwest Asia,T/T,C/C,C/T,C/C,A/A,G/G,A/A,G/G,C/T,T/T,C/C,C/C,A/A,T/T,G/G,C/C,G/G,A/A,A/G,G/T,A/A,T/T,G/G,G/G,C/C,G/G,C/C,N,C/C,T/T,G/G,A/G,G/G,N,T/T,C/C,G/G,C/T,C/C,G/G,A/A,A/G,C/C,T/T,G/G,C/C,C/C,C/C,C/T,G/G
HG02144,Southwest Asia,T/T,C/C,C/T,C/C,A/A,G/G,A/A,G/G,T/T,T/T,C/C,C/C,A/A,T/T,G/G,C/C,G/G,A/A,A/G,T/T,A/A,T/T,G/G,G/G,C/C,G/G,A/C,N,C/C,T/T,G/G,G/G,A/G,N,T/T,C/T,G/G,T/T,C/C,G/G,A/A,G/G,C/C,G/G,G/G,C/C,C/C,C/C,C/C,G/T
HG02255,Southwest Asia,C/T,C/C,C/C,C/C,A/A,G/G,A/A,G/G,T/T,T/T,G/C,C/C,A/A,T/T,G/G,C/C,G/G,A/A,A/A,T/T,A/A,T/T,G/G,G/G,C/C,G/G,A/C,N,C/C,T/T,G/G,A/G,A/G,N,T/T,C/C,G/G,C/T,C/C,G/G,A/A,G/G,C/C,G/T,G/T,A/C,G/G,C/C,C/T,G/T
HG02256,Southwest Asia,T/T,C/C,C/C,C/C,A/A,G/G,A/A,G/G,T/T,T/T,C/C,C/C,A/T,T/T,G/G,G/C,G/G,A/A,A/G,G/G,A/A,T/T,G/G,G/G,C/C,A/G,C/C,N,C/C,T/T,G/G,A/G,G/G,N,T/T,C/C,G/G,T/T,C/C,G/G,A/A,G/G,C/C,G/T,G/G,C/C,C/C,C/C,C/C,T/T
HG02281,Southwest Asia,T/T,C/T,C/C,C/C,A/A,G/G,A/A,G/G,T/T,T/T,C/C,C/C,A/A,T/T,G/G,C/C,G/G,A/A,A/G,G/T,A/A,T/T,G/G,G/G,C/C,G/G,A/C,N,C/C,T/T,G/G,G/G,G/G,N,T/T,C/T,A/G,C/T,C/C,G/G,A/A,G/G,C/C,T/T,G/G,A/C,C/C,C/C,C/C,G/T
HG02282,Southwest Asia,T/T,C/C,C/T,C/C,A/A,G/G,A/G,A/G,C/C,C/T,C/C,C/C,A/A,T/T,G/G,C/C,G/G,A/A,A/A,T/T,A/G,T/T,A/G,G/G,C/T,G/G,A/C,N,C/C,T/T,G/G,A/G,G/G,N,C/T,C/C,G/G,T/T,C/C,A/G,A/A,G/G,C/C,G/T,G/G,C/C,C/C,C/T,C/C,G/T
HG02283,Southwest Asia,C/T,C/C,C/C,C/C,A/A,G/G,A/A,A/A,C/T,T/T,C/C,C/C,A/A,T/T,A/G,G/C,A/G,A/A,A/G,G/T,A/G,T/T,G/G,G/G,C/C,G/G,C/C,N,C/C,T/T,G/G,A/G,G/G,N,T/T,C/C,G/G,C/T,A/C,G/G,A/G,G/G,C/C,G/T,G/G,A/C,C/C,T/T,C/C,G/T
HG02284,Southwest Asia,T/T,C/T,C/C,C/C,A/G,G/G,A/A,A/G,T/T,T/T,G/C,C/C,A/A,T/T,G/G,C/C,G/G,A/A,A/A,G/T,A/A,T/T,G/G,A/G,C/C,G/G,C/C,N,C/C,T/T,G/G,G/G,A/A,N,T/T,C/C,G/G,T/T,C/C,G/G,A/A,G/G,C/C,G/T,G/G,A/C,G/C,C/T,C/C,G/G
HG02307,Southwest Asia,T/T,C/C,C/T,C/C,A/A,G/G,A/A,G/G,T/T,T/T,C/C,C/C,A/A,T/T,G/G,C/C,G/G,A/A,A/A,T/T,A/A,T/T,G/G,G/G,C/T,A/G,C/C,N,C/C,T/T,G/G,G/G,A/G,N,C/T,C/C,G/G,C/T,C/C,G/G,A/A,G/G,C/C,T/T,G/G,A/A,C/C,C/C,C/C,G/T
HG02308,Southwest Asia,T/T,C/C,C/T,C/C,A/A,G/G,A/G,G/G,T/T,T/T,G/C,C/C,A/A,T/T,G/G,C/C,G/G,A/A,A/G,G/T,A/A,T/T,G/G,G/G,C/C,A/G,C/C,N,C/C,T/T,G/G,G/G,A/G,N,C/T,C/T,G/G,T/T,C/C,A/G,A/A,G/G,C/C,T/T,G/T,C/C,C/C,C/C,C/C,G/T
HG02309,Southwest Asia,T/T,C/C,C/C,C/C,A/A,G/G,A/A,G/G,T/T,C/C,C/C,C/C,A/A,T/T,G/G,C/C,G/G,A/A,A/G,G/T,A/A,T/T,G/G,G/G,C/C,G/G,C/C,N,C/T,T/T,G/G,A/G,G/G,N,C/T,C/C,G/G,C/T,C/C,G/G,A/A,G/G,C/C,T/T,G/G,C/C,G/C,C/C,C/C,G/T
HG02314,Southwest Asia,T/T,C/C,C/T,C/C,A/A,G/G,A/A,G/G,C/C,T/T,C/C,C/C,A/A,T/T,G/G,C/C,G/G,A/A,G/G,G/G,A/A,T/T,G/G,G/G,C/C,G/G,C/C,N,C/C,T/T,G/G,G/G,G/G,N,T/T,C/T,G/G,T/T,C/C,G/G,A/A,G/G,C/C,T/T,G/G,A/C,G/G,C/C,C/C,G/T
HG02315,Southwest Asia,T/T,C/C,C/T,C/C,A/A,G/G,A/A,G/G,T/T,T/T,C/C,C/C,A/A,T/T,G/G,G/C,G/G,A/A,A/G,G/T,A/G,T/T,G/G,G/G,C/T,G/G,C/C,N,C/C,T/T,G/G,G/G,G/G,N,C/T,T/T,G/G,T/T,C/C,A/G,A/A,G/G,C/C,G/T,G/G,C/C,C/C,C/C,C/C,T/T
HG02317,Southwest Asia,T/T,C/T,C/C,C/C,A/A,G/G,A/A,G/G,C/T,T/T,C/C,C/C,A/A,T/T,G/G,G/C,G/G,A/A,A/G,G/G,A/A,T/T,G/G,G/G,C/C,G/G,A/C,N,C/C,T/T,G/G,G/G,G/G,N,T/T,C/C,G/G,C/T,C/C,G/G,A/A,G/G,C/C,G/T,G/G,C/C,G/C,C/C,C/C,G/T
HG02318,Southwest Asia,T/T,C/C,C/C,C/C,A/A,G/G,A/A,G/G,T/T,T/T,C/C,C/C,A/A,T/T,G/G,C/C,G/G,A/A,A/G,T/T,A/A,T/T,G/G,G/G,C/C,A/G,A/C,N,C/C,T/T,G/G,G/G,G/G,N,T/T,C/T,G/G,C/T,C/C,G/G,A/G,G/G,C/C,G/G,G/G,C/C,G/C,C/C,C/C,G/G
HG02322,Southwest Asia,T/T,C/C,C/C,C/C,A/A,G/G,A/A,G/G,C/T,T/T,C/C,C/C,A/A,T/T,G/G,G/G,G/G,A/A,A/G,G/T,A/A,T/T,G/G,G/G,C/C,G/G,A/A,N,C/C,T/T,G/G,A/G,G/G,N,C/T,C/C,G/G,T/T,C/C,A/G,A/A,G/G,C/C,T/T,G/G,C/C,G/C,C/T,C/T,G/T
HG02323,Southwest Asia,T/T,C/C,C/C,C/C,A/A,G/G,A/A,G/G,T/T,T/T,C/C,C/C,A/A,T/T,G/G,G/C,G/G,A/A,A/G,G/T,A/A,T/T,G/G,A/G,C/C,G/G,A/C,N,C/C,T/T,G/G,G/G,G/G,N,T/T,C/T,G/G,C/T,C/C,G/G,A/A,G/G,C/C,G/G,G/G,C/C,C/C,C/C,C/T,G/G
HG02325,Southwest Asia,T/T,C/C,C/C,C/C,A/A,G/G,A/A,G/G,C/T,T/T,C/C,C/C,A/A,T/T,G/G,C/C,A/G,A/A,A/A,T/T,A/A,T/T,G/G,G/G,C/C,G/G,A/C,N,C/C,T/T,G/G,G/G,G/G,N,C/T,C/C,G/G,T/T,C/C,G/G,A/A,G/G,C/C,G/T,G/G,C/C,C/C,C/C,C/C,G/G
HG02330,Southwest Asia,C/C,C/T,C/T,C/C,A/A,G/G,A/A,G/G,C/T,C/T,G/C,C/C,A/A,T/T,G/G,C/C,G/G,A/A,A/A,T/T,A/A,T/T,G/G,G/G,C/C,A/G,A/A,N,C/T,T/T,G/G,A/G,G/G,N,C/T,C/C,G/G,T/T,C/C,A/G,A/A,G/G,C/C,G/T,G/G,C/C,G/C,C/C,C/C,G/G
HG02332,Southwest Asia,T/T,T/T,C/C,C/C,A/A,G/G,A/A,G/G,T/T,T/T,C/C,C/C,A/A,T/T,G/G,C/C,G/G,A/A,A/A,G/G,A/A,T/T,G/G,G/G,C/C,G/G,A/A,N,C/C,T/T,G/G,A/G,G/G,N,C/T,C/C,G/G,C/T,C/C,G/G,A/A,G/G,C/C,T/T,G/G,A/C,G/C,C/C,C/C,G/T
HG02334,Southwest Asia,C/T,C/C,C/C,C/C,A/A,G/G,A/A,G/G,C/C,C/T,C/C,C/C,A/A,T/T,G/G,C/C,G/G,A/A,A/A,G/G,A/G,T/T,G/G,G/G,C/T,G/G,C/C,N,C/C,T/T,G/G,A/G,A/A,N,T/T,C/T,G/G,C/T,C/C,G/G,A/A,G/G,C/C,T/T,G/G,A/C,G/C,C/C,C/C,T/T
HG02337,Southwest Asia,T/T,C/C,C/C,C/C,A/A,G/G,A/A,A/A,T/T,T/T,C/C,C/C,A/A,T/T,G/G,C/C,G/G,A/A,G/G,G/T,A/G,T/T,G/G,G/G,C/C,G/G,C/C,N,C/T,T/T,G/G,G/G,A/G,N,T/T,C/C,G/G,C/T,C/C,G/G,A/A,G/G,C/C,T/T,G/G,C/C,C/C,C/T,C/C,G/G
HG02339,Southwest Asia,T/T,C/C,C/C,C/C,A/A,G/G,A/A,G/G,T/T,T/T,C/C,C/C,A/A,T/T,G/G,C/C,G/G,A/A,A/G,G/T,A/A,T/T,G/G,G/G,C/C,G/G,A/A,N,C/C,T/T,G/G,G/G,G/G,N,T/T,C/C,G/G,T/T,C/C,G/G,A/A,G/G,C/C,T/T,G/G,C/C,C/C,C/C,C/C,G/G
HG02343,Southwest Asia,T/T,C/C,C/C,C/C,A/A,G/G,A/A,G/G,T/T,C/T,C/C,C/C,A/A,T/T,G/G,C/C,A/G,A/A,A/A,G/T,A/G,T/T,G/G,G/G,C/C,G/G,A/C,N,C/T,T/T,G/G,A/G,G/G,N,T/T,C/C,G/G,C/T,C/C,G/G,A/A,G/G,C/C,T/T,G/G,C/C,G/C,C/T,C/C,G/G
HG02419,Southwest Asia,T/T,C/C,C/C,C/C,A/A,G/G,A/A,G/G,T/T,T/T,C/C,C/C,A/A,T/T,G/G,C/C,G/G,A/A,A/G,T/T,A/A,T/T,G/G,G/G,C/C,G/G,A/C,N,C/C,T/T,G/G,A/A,G/G,N,C/T,C/C,G/G,T/T,C/C,A/G,A/A,G/G,C/C,T/T,G/G,C/C,C/C,C/C,C/C,G/G
HG02420,Southwest Asia,T/T,C/C,C/T,C/C,A/A,G/G,A/G,A/G,C/C,C/T,C/C,C/C,A/A,T/T,G/G,G/C,G/G,A/A,A/G,T/T,A/G,T/T,A/G,A/G,C/C,A/G,A/A,N,C/C,T/T,G/G,A/G,A/A,N,C/C,C/T,A/G,T/T,C/C,A/G,A/A,G/G,C/T,G/G,G/G,C/C,G/C,C/T,C/C,G/T
HG02427,Southwest Asia,T/T,C/T,C/C,C/C,A/A,G/G,A/A,G/G,C/T,T/T,C/C,C/C,A/A,T/T,G/G,C/C,G/G,A/A,A/G,G/T,A/G,T/T,G/G,G/G,C/C,G/G,A/C,N,C/C,T/T,G/G,A/G,A/G,N,T/T,C/C,G/G,C/T,C/C,G/G,A/A,G/G,C/C,T/T,G/G,C/C,C/C,C/C,C/C,G/G
HG02429,Southwest Asia,T/T,C/C,C/C,C/C,A/A,G/G,A/A,A/G,T/T,T/T,C/C,C/C,A/A,T/T,G/G,G/C,G/G,A/A,A/A,G/T,A/A,T/T,G/G,G/G,C/C,G/G,C/C,N,C/C,T/T,G/G,A/G,G/G,N,C/T,C/C,G/G,T/T,C/C,G/G,A/A,G/G,C/C,G/T,G/G,C/C,C/C,C/T,C/C,G/G
HG02433,Southwest Asia,T/T,C/T,C/T,C/C,A/A,G/G,A/A,G/G,C/T,C/T,C/C,C/C,A/A,T/T,G/G,C/C,G/G,A/A,A/G,T/T,A/A,T/T,G/G,A/G,C/C,A/G,A/C,N,C/C,C/T,G/G,A/G,G/G,N,C/T,C/C,G/G,T/T,C/C,A/G,A/A,G/G,C/T,G/T,G/G,C/C,C/C,C/C,C/T,G/G
HG02439,Southwest Asia,T/T,C/C,C/C,C/C,A/A,G/G,A/A,G/G,C/T,C/T,G/C,C/C,A/A,T/T,G/G,C/C,G/G,A/A,A/G,G/T,A/A,T/T,A/G,G/G,C/C,G/G,A/C,N,C/C,T/T,G/G,G/G,G/G,N,T/T,C/C,G/G,C/T,C/C,G/G,A/A,G/G,C/C,G/T,G/G,C/C,G/C,C/C,C/C,G/T
HG02442,Southwest Asia,T/T,C/C,C/C,C/C,A/A,G/G,A/A,G/G,C/T,T/T,C/C,C/C,A/A,T/T,G/G,C/C,G/G,A/A,G/G,G/T,A/A,T/T,G/G,G/G,C/C,G/G,C/C,N,C/C,T/T,G/G,G/G,G/G,N,T/T,C/C,G/G,C/C,C/C,G/G,A/A,G/G,C/C,T/T,G/G,A/C,G/C,C/C,C/C,G/T
HG02445,Southwest Asia,T/T,C/C,T/T,C/C,A/A,G/G,A/A,A/G,C/C,T/T,C/C,C/C,A/A,T/T,G/G,G/C,A/G,A/A,A/G,G/T,A/G,T/T,G/G,G/G,C/T,A/A,A/C,N,C/T,T/T,G/G,G/G,G/G,N,C/C,C/T,A/G,T/T,C/C,A/G,A/A,G/G,C/C,G/T,G/G,A/C,G/C,C/T,C/C,G/T
HG02449,Southwest Asia,C/T,C/C,C/C,C/C,A/A,G/G,A/A,G/G,T/T,T/T,C/C,C/C,A/A,T/T,G/G,C/C,G/G,A/A,A/A,G/T,A/G,T/T,G/G,G/G,C/C,G/G,C/C,N,C/C,T/T,G/G,G/G,G/G,N,C/T,C/C,G/G,T/T,C/C,A/G,A/A,G/G,C/T,G/T,G/G,C/C,G/C,C/C,C/C,G/G
HG02450,Southwest Asia,T/T,C/C,C/C,C/C,A/A,G/G,A/A,G/G,C/T,T/T,C/C,C/C,A/A,T/T,G/G,C/C,G/G,A/A,A/G,G/T,A/A,T/T,G/G,G/G,C/T,G/G,C/C,N,C/C,T/T,G/G,G/G,A/G,N,C/T,T/T,G/G,C/T,C/C,A/G,A/G,G/G,C/C,T/T,G/G,A/C,C/C,C/C,C/C,G/T
HG02455,Southwest Asia,T/T,C/C,C/C,C/C,A/A,G/G,A/A,G/G,C/C,C/T,C/C,C/C,A/A,T/T,G/G,C/C,G/G,A/A,G/G,G/T,A/A,T/T,G/G,G/G,C/T,G/G,C/C,N,C/C,T/T,G/G,G/G,A/G,N,C/T,C/C,G/G,T/T,C/C,A/G,A/A,G/G,C/C,T/T,G/G,A/C,G/C,C/C,C/C,G/G
HG02470,Southwest Asia,C/T,C/C,C/C,C/C,A/A,G/G,A/A,G/G,C/C,T/T,C/C,C/C,A/A,T/T,G/G,C/C,G/G,A/A,A/G,G/G,G/G,T/T,G/G,G/G,C/C,G/G,A/C,N,C/C,T/T,G/G,G/G,G/G,N,T/T,C/C,G/G,C/T,C/C,G/G,A/A,G/G,C/C,T/T,G/G,A/C,G/C,C/C,C/C,T/T
HG02471,Southwest Asia,C/T,C/T,C/C,C/C,A/A,G/G,A/A,G/G,C/T,T/T,C/C,C/C,A/A,T/T,G/G,G/C,G/G,A/A,A/G,T/T,A/G,T/T,G/G,G/G,C/C,G/G,C/C,N,C/C,T/T,G/G,G/G,A/A,N,T/T,C/C,G/G,T/T,C/C,G/G,A/A,G/G,C/C,T/T,G/G,C/C,C/C,C/C,C/T,T/T
HG02476,Southwest Asia,T/T,C/T,C/T,C/C,A/A,G/G,A/A,G/G,C/C,C/T,C/C,C/C,A/A,T/T,G/G,C/C,G/G,A/A,G/G,G/G,A/A,T/T,G/G,G/G,C/C,A/G,C/C,N,C/T,T/T,G/G,G/G,G/G,N,T/T,C/T,G/G,T/T,A/C,G/G,A/A,G/G,C/T,G/T,G/G,C/C,G/C,C/C,C/T,G/G
HG02477,Southwest Asia,C/T,C/C,C/C,C/C,A/A,G/G,A/A,G/G,C/C,T/T,G/C,C/C,A/A,T/T,G/G,C/C,G/G,A/A,A/G,T/T,A/A,T/T,A/G,A/G,C/T,A/G,C/C,N,C/T,T/T,G/G,A/A,A/G,N,C/T,C/T,G/G,C/T,C/C,A/G,A/G,G/G,C/C,G/T,G/G,C/C,G/C,C/C,C/C,G/T
HG02481,Southwest Asia,C/T,C/T,C/C,C/C,A/A,G/G,A/G,G/G,C/T,C/C,G/C,C/C,A/A,T/T,G/G,C/C,G/G,A/A,A/G,G/G,A/A,T/T,G/G,G/G,C/C,G/G,C/C,N,C/C,T/T,G/G,A/A,G/G,N,C/T,C/T,G/G,C/C,C/C,A/G,A/A,G/G,C/C,T/T,G/G,C/C,C/C,C/C,C/C,G/G
HG02484,Southwest Asia,C/T,C/C,C/C,C/T,A/A,G/G,A/A,G/G,T/T,C/T,C/C,C/C,A/A,T/T,G/G,C/C,G/G,A/A,A/G,T/T,A/A,T/T,G/G,G/G,C/C,G/G,C/C,N,T/T,T/T,G/G,A/G,G/G,N,T/T,C/C,G/G,T/T,C/C,G/G,A/A,G/G,C/C,G/G,G/G,C/C,G/C,C/C,C/C,G/T
HG02485,Southwest Asia,T/T,C/C,C/C,C/C,A/A,G/G,G/G,A/G,T/T,C/C,C/C,C/C,A/A,T/T,G/G,G/C,G/G,A/A,A/A,G/G,A/A,T/T,G/G,A/G,C/T,G/G,A/A,N,C/T,T/T,G/G,A/G,A/A,N,T/T,C/T,G/G,C/T,A/C,G/G,A/A,G/G,C/C,G/T,G/G,C/C,G/G,T/T,C/C,G/T
HG02489,Southwest Asia,C/T,C/C,C/T,C/C,A/A,G/G,A/A,G/G,C/T,T/T,C/C,C/C,A/T,T/T,G/G,C/C,G/G,A/A,G/G,T/T,A/G,T/T,G/G,G/G,C/C,A/G,A/C,N,C/C,T/T,G/G,G/G,A/G,N,C/T,C/C,G/G,T/T,C/C,A/G,A/G,G/G,C/C,G/T,G/G,C/C,G/C,C/T,C/T,G/T
HG02496,Southwest Asia,T/T,C/C,C/C,C/C,A/A,G/G,A/A,G/G,C/T,C/T,G/C,C/C,A/A,T/T,G/G,C/C,G/G,A/A,A/G,T/T,A/A,T/T,G/G,G/G,C/C,G/G,A/A,N,C/C,T/T,G/G,G/G,A/G,N,T/T,C/C,G/G,T/T,C/C,G/G,A/A,G/G,C/C,T/T,G/G,C/C,G/C,C/C,C/C,G/T
HG02497,Southwest Asia,T/T,C/C,C/C,C/C,A/A,G/G,A/A,A/G,T/T,T/T,C/C,C/C,A/A,T/T,G/G,C/C,G/G,A/A,A/A,G/T,A/A,T/T,G/G,G/G,C/C,G/G,C/C,N,C/T,T/T,G/G,A/G,A/A,N,T/T,C/T,G/G,T/T,C/C,G/G,A/A,G/G,C/C,G/T,G/G,C/C,G/C,C/T,C/T,G/G
HG02501,Southwest Asia,C/T,C/C,C/C,C/C,A/A,G/G,A/A,G/G,C/T,T/T,G/C,C/C,A/A,T/T,G/G,C/C,G/G,A/A,G/G,G/T,A/A,T/T,G/G,G/G,C/C,G/G,A/C,N,C/C,T/T,G/G,A/G,A/G,N,T/T,C/T,G/G,T/T,C/C,G/G,A/A,G/G,C/T,G/T,G/G,C/C,C/C,C/C,C/C,G/T
HG02502,Southwest Asia,T/T,C/T,C/T,C/C,A/A,G/G,A/A,G/G,C/C,T/T,G/C,C/C,A/A,T/T,G/G,C/C,G/G,A/A,A/A,G/T,A/A,T/T,G/G,G/G,C/C,G/G,A/A,N,C/T,C/T,G/G,G/G,A/G,N,T/T,C/C,G/G,T/T,A/C,G/G,A/A,G/G,C/C,G/T,G/G,C/C,C/C,C/C,C/C,G/G
HG02505,Southwest Asia,T/T,C/C,C/C,C/C,A/G,A/G,A/A,A/G,T/T,T/T,C/C,C/C,A/A,T/T,G/G,C/C,G/G,A/T,A/A,G/G,A/G,T/T,G/G,G/G,C/C,A/G,A/C,N,C/T,T/T,G/G,G/G,G/G,N,T/T,C/C,G/G,T/T,C/C,G/G,A/A,G/G,C/C,T/T,G/G,C/C,C/C,C/T,C/C,G/T
HG02508,Southwest Asia,T/T,C/C,C/C,C/C,A/A,G/G,A/A,G/G,T/T,T/T,C/C,C/C,A/T,T/T,A/G,C/C,G/G,A/A,A/G,G/T,A/A,T/T,G/G,G/G,C/C,A/G,C/C,N,C/T,T/T,G/G,A/G,A/G,N,C/T,C/T,G/G,T/T,C/C,A/G,A/A,G/G,C/C,T/T,G/G,C/C,G/C,C/C,C/C,G/T
HG02511,Southwest Asia,T/T,C/C,C/C,C/C,A/A,G/G,A/A,G/G,T/T,T/T,C/C,C/C,A/A,T/T,G/G,C/C,G/G,A/A,A/A,T/T,A/G,T/T,G/G,G/G,C/C,G/G,A/C,N,C/T,T/T,G/G,A/G,A/G,N,T/T,C/T,G/G,T/T,C/C,G/G,A/G,G/G,C/C,G/T,G/G,C/C,C/C,C/C,C/T,G/G
HG02536,Southwest Asia,C/T,C/C,C/C,C/C,A/A,A/G,A/A,G/G,T/T,C/T,C/C,C/C,A/A,T/T,G/G,G/C,G/G,A/T,A/G,G/G,A/A,T/T,A/G,G/G,C/T,A/G,A/A,N,C/C,T/T,G/G,A/A,G/G,N,T/T,C/T,G/G,T/T,C/C,G/G,A/A,G/G,C/C,G/T,G/T,A/C,G/C,C/C,C/C,T/T
HG02537,Southwest Asia,C/T,C/C,C/C,C/C,A/A,G/G,A/A,G/G,T/T,C/C,C/C,C/C,A/A,T/T,G/G,C/C,G/G,A/A,A/G,G/T,A/A,T/T,A/G,G/G,C/T,G/G,C/C,N,C/C,T/T,G/G,G/G,G/G,N,C/T,C/T,G/G,T/T,C/C,A/G,A/A,G/G,C/T,G/T,G/G,C/C,C/C,C/C,C/C,G/T
HG02541,Southwest Asia,T/T,C/T,C/C,C/C,A/A,G/G,A/A,G/G,T/T,T/T,C/C,C/T,A/A,T/T,G/G,C/C,G/G,A/A,A/A,G/T,A/A,T/T,G/G,G/G,C/C,A/G,C/C,N,C/C,T/T,G/G,G/G,G/G,N,T/T,C/C,G/G,T/T,C/C,G/G,A/A,G/G,C/C,G/T,G/G,A/C,G/G,C/T,C/C,T/T
HG02545,Southwest Asia,T/T,C/T,C/C,C/C,A/A,G/G,A/A,G/G,C/T,T/T,C/C,C/C,A/A,T/T,G/G,C/C,G/G,A/A,A/G,T/T,A/A,T/T,G/G,G/G,C/C,G/G,C/C,N,C/C,T/T,G/G,A/G,G/G,N,C/T,C/C,G/G,T/T,C/C,G/G,A/A,G/G,C/C,T/T,G/G,C/C,G/C,C/C,C/C,G/T
HG02546,Southwest Asia,C/T,C/C,C/C,C/C,A/A,G/G,A/A,G/G,C/T,C/T,C/C,C/C,A/A,T/T,G/G,C/C,G/G,A/A,A/A,T/T,A/A,T/T,A/G,G/G,C/T,G/G,A/C,N,C/C,T/T,G/G,A/G,A/G,N,C/T,C/T,G/G,T/T,C/C,A/G,A/A,G/G,C/C,T/T,G/G,C/C,C/C,C/C,C/C,G/G
HG02549,Southwest Asia,T/T,C/C,C/C,C/C,A/A,G/G,A/A,A/G,T/T,C/T,C/C,C/C,A/A,T/T,G/G,C/C,G/G,A/A,A/G,T/T,A/G,T/T,G/G,G/G,C/C,G/G,C/C,N,C/C,T/T,G/G,G/G,G/G,N,C/T,C/C,G/G,T/T,C/C,A/G,A/A,G/G,C/C,G/T,G/G,C/C,G/C,C/T,C/C,G/G
HG02554,Southwest Asia,T/T,C/T,C/C,C/C,A/A,G/G,A/A,G/G,C/T,T/T,C/C,C/C,A/T,T/T,G/G,G/C,G/G,A/A,A/G,G/G,A/A,T/T,G/G,A/G,C/C,A/G,C/C,N,C/T,T/T,G/G,G/G,G/G,N,T/T,C/C,A/G,T/T,C/C,G/G,A/A,G/G,C/C,T/T,G/G,C/C,C/C,C/T,C/C,G/G
HG02555,Southwest Asia,T/T,C/C,C/C,C/C,A/A,G/G,A/A,G/G,T/T,C/T,C/C,C/C,A/A,T/T,G/G,C/C,G/G,A/A,A/G,T/T,A/A,T/T,G/G,G/G,C/C,G/G,A/C,N,C/C,T/T,G/G,A/G,A/G,N,C/T,C/T,G/G,T/T,C/C,G/G,A/A,G/G,C/C,T/T,G/G,C/C,C/C,C/C,C/C,G/T
HG02557,Southwest Asia,T/T,C/C,C/C,C/C,A/A,G/G,A/G,G/G,C/T,T/T,C/C,C/C,A/A,T/T,G/G,C/C,G/G,A/A,G/G,T/T,A/G,T/T,G/G,G/G,C/C,G/G,A/C,N,C/C,T/T,G/G,G/G,G/G,N,T/T,C/C,G/G,T/T,C/C,G/G,A/A,G/G,C/C,T/T,G/G,A/C,C/C,C/C,C/C,G/G
HG02558,Southwest Asia,T/T,C/C,C/C,C/C,A/A,G/G,A/A,G/G,T/T,C/T,C/C,C/C,A/A,T/T,G/G,C/C,G/G,A/A,A/G,G/T,A/G,T/T,A/G,A/G,C/C,G/G,A/C,N,C/C,T/T,G/G,G/G,G/G,N,T/T,C/T,G/G,C/T,C/C,G/G,A/A,G/G,C/C,G/T,G/G,C/C,G/G,C/C,C/C,G/T
HG02577,Southwest Asia,C/C,C/C,C/C,C/C,A/A,G/G,A/A,G/G,C/T,C/T,G/C,C/C,A/A,T/T,G/G,C/C,G/G,A/A,G/G,G/T,A/A,T/T,A/G,G/G,C/C,G/G,A/C,N,C/C,T/T,G/G,A/G,A/G,N,C/T,C/C,G/G,T/T,C/C,A/G,A/A,G/G,C/T,G/T,G/T,C/C,C/C,C/C,C/C,G/T
HG02580,Southwest Asia,T/T,C/C,C/C,C/C,A/A,G/G,A/A,G/G,C/T,T/T,C/C,C/C,A/A,T/T,A/G,C/C,G/G,A/A,A/G,T/T,A/G,T/T,G/G,G/G,C/C,A/G,A/A,N,C/C,C/T,G/G,G/G,G/G,N,T/T,C/C,G/G,C/T,C/C,G/G,A/A,G/G,C/C,T/T,G/G,A/C,G/C,C/C,C/C,G/G
